model,test_set,regime_class,depth_level,rmse_T,rmse_S,r_T,r_S,n_profiles
baseline,spatial,well_mixed,0.0,0.49416816234588623,0.6773861050605774,0.908439330838349,0.6804598152280764,220
baseline,spatial,well_mixed,10.0,0.48434755206108093,0.6472867131233215,0.8987187271179973,0.6727326416252374,220
baseline,spatial,well_mixed,20.0,0.5598562955856323,0.597398042678833,0.8463659328133107,0.6361725048276496,220
baseline,spatial,well_mixed,30.0,0.6767394542694092,0.5568329095840454,0.7216492013698537,0.6002535951109079,220
baseline,spatial,well_mixed,50.0,0.6894861459732056,0.575128436088562,0.41304187952365906,0.5758282090388666,220
baseline,spatial,well_mixed,75.0,1.2979437112808228,0.5281796455383301,0.21754109840162494,0.4717493530718617,220
baseline,spatial,well_mixed,100.0,2.0533180236816406,0.2909387946128845,0.17852472384008733,0.26535183037490523,220
baseline,spatial,well_mixed,125.0,1.877478837966919,0.15063974261283875,0.3013228972385199,0.021438906222412006,220
baseline,spatial,well_mixed,150.0,1.5962042808532715,0.09117579460144043,0.3923935499741897,0.13529568706008066,220
baseline,spatial,well_mixed,200.0,0.9353281259536743,0.051575157791376114,0.3286262232561599,0.2950692765286962,220
baseline,spatial,well_mixed,250.0,0.48933035135269165,0.03234352171421051,0.26313861610542133,0.4143102365661151,220
baseline,spatial,well_mixed,300.0,0.35544314980506897,0.025835810229182243,0.07922498761148336,0.25439856474297473,220
baseline,spatial,well_mixed,400.0,0.22423796355724335,0.027295967563986778,0.020864860787273887,0.04101096879828951,220
baseline,spatial,well_mixed,500.0,0.20878535509109497,0.03163023293018341,-0.04661534013809529,0.028095213632567836,220
baseline,spatial,well_mixed,700.0,0.2010531723499298,0.03369210660457611,-0.04079650901950902,0.16413445239981167,220
baseline,spatial,well_mixed,1000.0,0.17402434349060059,0.02503557875752449,0.0991120438586793,0.21715093920153425,220
baseline,spatial,well_mixed,1500.0,0.16354012489318848,0.016127847135066986,0.13957959081556928,0.08384709584221024,220
baseline,spatial,well_mixed,2000.0,0.0856533795595169,0.011293948628008366,-0.03412189120447858,0.13592035763103166,220
baseline,spatial,well_mixed,-1.0,0.9350101351737976,0.36280450224876404,0.9945349385322692,0.9301183690731332,220
baseline,spatial,barrier_layer_stratified,0.0,0.575920581817627,0.9168058037757874,0.8531469473355968,0.5219405616330814,789
baseline,spatial,barrier_layer_stratified,10.0,0.5176018476486206,0.8848516345024109,0.8712704110320074,0.5374420556415039,789
baseline,spatial,barrier_layer_stratified,20.0,0.5082361698150635,0.7640561461448669,0.8354202676295136,0.5036218636225732,789
baseline,spatial,barrier_layer_stratified,30.0,0.6256039142608643,0.6808696985244751,0.6858878385249161,0.47564133566162936,789
baseline,spatial,barrier_layer_stratified,50.0,1.0345683097839355,0.6251840591430664,0.3006427530484073,0.386600968745822,789
baseline,spatial,barrier_layer_stratified,75.0,1.6594722270965576,0.4625873565673828,0.431250869015014,0.35533376653609683,789
baseline,spatial,barrier_layer_stratified,100.0,1.9031338691711426,0.24583017826080322,0.5147625401661206,0.2398309856534295,789
baseline,spatial,barrier_layer_stratified,125.0,1.7391607761383057,0.1399649977684021,0.4993655815639659,0.10002558982037767,789
baseline,spatial,barrier_layer_stratified,150.0,1.5598260164260864,0.10683303326368332,0.36655508497656447,0.08568253905508576,789
baseline,spatial,barrier_layer_stratified,200.0,0.986171305179596,0.06857361644506454,0.23469191674663745,0.17919113095319003,789
baseline,spatial,barrier_layer_stratified,250.0,0.6243307590484619,0.05313446372747421,0.20817270677585692,0.11214034803101304,789
baseline,spatial,barrier_layer_stratified,300.0,0.45403793454170227,0.04461219161748886,0.11956956276201805,0.10311255346796225,789
baseline,spatial,barrier_layer_stratified,400.0,0.2804732024669647,0.037318676710128784,0.13683419671751254,0.11860126714504143,789
baseline,spatial,barrier_layer_stratified,500.0,0.24204814434051514,0.03848619759082794,0.16345667193722085,0.14653179111593745,789
baseline,spatial,barrier_layer_stratified,700.0,0.2132628858089447,0.038697708398103714,0.09501829422135537,0.20706477739877643,789
baseline,spatial,barrier_layer_stratified,1000.0,0.19919061660766602,0.030607936903834343,-0.03737863226864043,0.19189706075699378,789
baseline,spatial,barrier_layer_stratified,1500.0,0.18170888721942902,0.02487531676888466,-0.18455996790819576,0.15080646686694973,789
baseline,spatial,barrier_layer_stratified,2000.0,0.11196863651275635,0.035267360508441925,-0.39124907545343535,0.10397915476304535,789
baseline,spatial,barrier_layer_stratified,-1.0,0.9620306491851807,0.4426548480987549,0.9941079559972131,0.9202289596562411,789
baseline,spatial,upwelling,0.0,0.455417275428772,0.38292327523231506,0.2609295301719249,0.362565743193633,35
baseline,spatial,upwelling,10.0,0.42579543590545654,0.37789011001586914,0.2932665554825588,0.3740448978516594,35
baseline,spatial,upwelling,20.0,0.41050881147384644,0.3714820444583893,0.2814841166169624,0.3422616159259826,35
baseline,spatial,upwelling,30.0,0.5051245093345642,0.3688758313655853,0.29890850309679945,0.3193876799531694,35
baseline,spatial,upwelling,50.0,1.079540729522705,0.367047518491745,0.42594791672041443,0.14054098750355826,35
baseline,spatial,upwelling,75.0,2.0344061851501465,0.23986761271953583,0.31658357104766116,0.2280400940742381,35
baseline,spatial,upwelling,100.0,2.2471306324005127,0.1902114301919937,0.3961354570926798,-0.2215298776241154,35
baseline,spatial,upwelling,125.0,1.9960993528366089,0.14966773986816406,0.540474343644315,-0.3662132926515209,35
baseline,spatial,upwelling,150.0,1.6196194887161255,0.09820137172937393,0.39757297495091976,0.04450619970122207,35
baseline,spatial,upwelling,200.0,1.243123173713684,0.053959961980581284,0.100035289465045,0.15248823505560757,35
baseline,spatial,upwelling,250.0,0.7379925847053528,0.03999044746160507,0.2056833344729221,0.16380711535888828,35
baseline,spatial,upwelling,300.0,0.38414275646209717,0.01875300146639347,0.33703048637976335,0.40293205990203684,35
baseline,spatial,upwelling,400.0,0.22287139296531677,0.02198837138712406,0.3144830602802755,0.47390373575324396,35
baseline,spatial,upwelling,500.0,0.1795126348733902,0.022966358810663223,0.3603220187551871,0.516701258432532,35
baseline,spatial,upwelling,700.0,0.15612992644309998,0.01820223405957222,0.3033408751602949,0.4086829811338135,35
baseline,spatial,upwelling,1000.0,0.12717661261558533,0.014417937025427818,0.48770168126658847,0.516761444940717,35
baseline,spatial,upwelling,1500.0,0.15251819789409637,0.009746484458446503,0.48798864675409437,0.6502889461953225,35
baseline,spatial,upwelling,2000.0,0.10952284187078476,0.010378994978964329,0.12892313099352354,-0.005996069753234454,35
baseline,spatial,upwelling,-1.0,1.079066276550293,0.21901525557041168,0.9927504131514826,0.8968989458271655,35
baseline,spatial,all,0.0,0.5559523701667786,0.8583932518959045,0.8641213906743458,0.5873526021665985,1044
baseline,spatial,all,10.0,0.5079240798950195,0.827526330947876,0.8745905636150461,0.5957558386886048,1044
baseline,spatial,all,20.0,0.5166356563568115,0.7218195199966431,0.8314241280477082,0.5705370480615661,1044
baseline,spatial,all,30.0,0.6331246495246887,0.6482688784599304,0.6714252120141359,0.5444831150209741,1044
baseline,spatial,all,50.0,0.973729133605957,0.6079533696174622,0.3009569976129127,0.4430704202787235,1044
baseline,spatial,all,75.0,1.6046714782714844,0.47163182497024536,0.4449863508079973,0.39463458234311893,1044
baseline,spatial,all,100.0,1.9480748176574707,0.2544047236442566,0.4971306547526613,0.263171025419509,1044
baseline,spatial,all,125.0,1.7782776355743408,0.1426117718219757,0.4941245384407965,0.08419362042279506,1044
baseline,spatial,all,150.0,1.5695937871932983,0.10344395041465759,0.39616543440709867,0.098974624655679,1044
baseline,spatial,all,200.0,0.9854696989059448,0.06489938497543335,0.24923721187690054,0.2015478722584842,1044
baseline,spatial,all,250.0,0.6027422547340393,0.049068693071603775,0.21436499646913396,0.1512444336689538,1044
baseline,spatial,all,300.0,0.4328603744506836,0.040701013058423996,0.11578900716279483,0.118820019146479,1044
baseline,spatial,all,400.0,0.26779136061668396,0.03501046448945999,0.11493504558068317,0.10217934127700118,1044
baseline,spatial,all,500.0,0.233528733253479,0.036710456013679504,0.11338995543723636,0.12291964697902644,1044
baseline,spatial,all,700.0,0.2090471237897873,0.03717006742954254,0.06013254943558827,0.19632815369928308,1044
baseline,spatial,all,1000.0,0.19206415116786957,0.0290929414331913,-0.012582361983625709,0.19514813271911546,1044
baseline,spatial,all,1500.0,0.17709194123744965,0.022917557507753372,-0.09088996219758833,0.15362451707565178,1044
baseline,spatial,all,2000.0,0.10655850172042847,0.030908869579434395,-0.3042177624053739,0.11349090670568995,1044
baseline,spatial,all,-1.0,0.9605762958526611,0.4211794435977936,0.99413105951996,0.9215287722704967,1044
oceanembed,spatial,well_mixed,0.0,0.4033507704734802,0.6017551422119141,0.9429466132347278,0.732545238696421,220
oceanembed,spatial,well_mixed,10.0,0.41957780718803406,0.5820015072822571,0.9305873501690178,0.7476617878563997,220
oceanembed,spatial,well_mixed,20.0,0.506648063659668,0.5215706825256348,0.8874174026707982,0.7350126461445106,220
oceanembed,spatial,well_mixed,30.0,0.6213821768760681,0.4690515100955963,0.789839594253816,0.686352368605345,220
oceanembed,spatial,well_mixed,50.0,0.6299299001693726,0.4416607916355133,0.5622787049314251,0.6899859169291145,220
oceanembed,spatial,well_mixed,75.0,1.0618973970413208,0.4069605767726898,0.5758932790160795,0.6569038636180328,220
oceanembed,spatial,well_mixed,100.0,1.714255452156067,0.23683802783489227,0.5062207906581601,0.4198683157777986,220
oceanembed,spatial,well_mixed,125.0,1.4405291080474854,0.1287662833929062,0.5682528065061457,0.11988616015988375,220
oceanembed,spatial,well_mixed,150.0,1.222348690032959,0.07671312242746353,0.6389741884079165,0.2344375697476525,220
oceanembed,spatial,well_mixed,200.0,0.7538373470306396,0.04385815188288689,0.5756161724536432,0.47163009264867567,220
oceanembed,spatial,well_mixed,250.0,0.41337722539901733,0.02588501386344433,0.5287994823155762,0.5674049303690951,220
oceanembed,spatial,well_mixed,300.0,0.30308282375335693,0.021512260660529137,0.4250308506018657,0.4093350316454488,220
oceanembed,spatial,well_mixed,400.0,0.18676303327083588,0.023585675284266472,0.2895649487527886,0.09366227228886323,220
oceanembed,spatial,well_mixed,500.0,0.16909541189670563,0.02683846279978752,0.20880120605672234,0.08976822386495177,220
oceanembed,spatial,well_mixed,700.0,0.15744484961032867,0.028383322060108185,0.1827107569962068,0.25826391596258297,220
oceanembed,spatial,well_mixed,1000.0,0.15051159262657166,0.02243364416062832,0.35723314137288154,0.29550353011153235,220
oceanembed,spatial,well_mixed,1500.0,0.1426033079624176,0.014587685465812683,0.5719151845369222,0.3315601958285484,220
oceanembed,spatial,well_mixed,2000.0,0.06536529213190079,0.010252188891172409,0.6141964255918962,0.3271720601999701,220
oceanembed,spatial,well_mixed,-1.0,0.7591988444328308,0.3076234459877014,0.9965682180886362,0.9464868550416109,220
oceanembed,spatial,barrier_layer_stratified,0.0,0.37276792526245117,0.6623712182044983,0.9473277321648969,0.8646888115210656,789
oceanembed,spatial,barrier_layer_stratified,10.0,0.34538209438323975,0.650429904460907,0.9512753243597522,0.8650969089294,789
oceanembed,spatial,barrier_layer_stratified,20.0,0.3364546298980713,0.5546098351478577,0.9355114384074262,0.8486655526852415,789
oceanembed,spatial,barrier_layer_stratified,30.0,0.4097006320953369,0.507773756980896,0.8759166922956902,0.8134420530163051,789
oceanembed,spatial,barrier_layer_stratified,50.0,0.6462293267250061,0.4631700813770294,0.742572365443302,0.8195404357846272,789
oceanembed,spatial,barrier_layer_stratified,75.0,1.0156285762786865,0.3367301821708679,0.8028847926850723,0.8210931229913206,789
oceanembed,spatial,barrier_layer_stratified,100.0,1.200610876083374,0.1814800351858139,0.8020218156400951,0.6800299061311503,789
oceanembed,spatial,barrier_layer_stratified,125.0,1.1191332340240479,0.1064630001783371,0.7835563251031408,0.48597575739495324,789
oceanembed,spatial,barrier_layer_stratified,150.0,0.9920988082885742,0.07944464683532715,0.7591789527218646,0.4894898301567228,789
oceanembed,spatial,barrier_layer_stratified,200.0,0.6508703231811523,0.0520518459379673,0.7180723848577903,0.5582444874286497,789
oceanembed,spatial,barrier_layer_stratified,250.0,0.40121933817863464,0.03868976607918739,0.736379285622365,0.6023004860096645,789
oceanembed,spatial,barrier_layer_stratified,300.0,0.2882442772388458,0.033243514597415924,0.725553692207082,0.5754224565823957,789
oceanembed,spatial,barrier_layer_stratified,400.0,0.17823128402233124,0.02797001227736473,0.7073862561593739,0.47240331711468364,789
oceanembed,spatial,barrier_layer_stratified,500.0,0.1617913693189621,0.029694674536585808,0.6348546509105476,0.422763755485883,789
oceanembed,spatial,barrier_layer_stratified,700.0,0.1414753794670105,0.030100975185632706,0.589781199178148,0.41663694819224023,789
oceanembed,spatial,barrier_layer_stratified,1000.0,0.12965607643127441,0.02324517071247101,0.5413628933185684,0.49608188396686653,789
oceanembed,spatial,barrier_layer_stratified,1500.0,0.10643569380044937,0.017804497852921486,0.7251817115477772,0.7282330420182164,789
oceanembed,spatial,barrier_layer_stratified,2000.0,0.06433684378862381,0.025432538241147995,0.87926476049488,0.9257859407631235,789
oceanembed,spatial,barrier_layer_stratified,-1.0,0.6107853651046753,0.3242001533508301,0.9976374418025425,0.9661479070966964,789
oceanembed,spatial,upwelling,0.0,0.2709461748600006,0.3167048990726471,0.7616510027132735,0.593018019145618,35
oceanembed,spatial,upwelling,10.0,0.2581649422645569,0.3090994656085968,0.7757077143936677,0.6172561554949062,35
oceanembed,spatial,upwelling,20.0,0.2530340254306793,0.3019247055053711,0.7653664279195069,0.5990962150110067,35
oceanembed,spatial,upwelling,30.0,0.3344873785972595,0.2956344187259674,0.7876056769552091,0.613839970023775,35
oceanembed,spatial,upwelling,50.0,0.773269772529602,0.2870553135871887,0.8412527267205262,0.5593937241927376,35
oceanembed,spatial,upwelling,75.0,1.3966498374938965,0.18957586586475372,0.7973770195271301,0.5954352680143187,35
oceanembed,spatial,upwelling,100.0,1.5658127069473267,0.15671265125274658,0.8385690065880107,0.19605528665788424,35
oceanembed,spatial,upwelling,125.0,1.519537091255188,0.12034451216459274,0.894057116101436,-0.009461362434155135,35
oceanembed,spatial,upwelling,150.0,1.2175731658935547,0.07497268170118332,0.8583842077444452,0.38573151317611243,35
oceanembed,spatial,upwelling,200.0,0.9334306120872498,0.04208571836352348,0.8378338461819456,0.525057244084941,35
oceanembed,spatial,upwelling,250.0,0.5705621242523193,0.03004995919764042,0.8638274566298814,0.64045841950413,35
oceanembed,spatial,upwelling,300.0,0.3103683292865753,0.016274400055408478,0.8340659141005052,0.5995121183481348,35
oceanembed,spatial,upwelling,400.0,0.18009015917778015,0.020853035151958466,0.709832106566906,0.5386198471877738,35
oceanembed,spatial,upwelling,500.0,0.13717077672481537,0.02258843556046486,0.699954038180324,0.6322535315392981,35
oceanembed,spatial,upwelling,700.0,0.11819612234830856,0.018567383289337158,0.6189236246380766,0.47612740805502324,35
oceanembed,spatial,upwelling,1000.0,0.1002965196967125,0.014932404272258282,0.7643823453825948,0.5677848911657808,35
oceanembed,spatial,upwelling,1500.0,0.11265827715396881,0.00863124243915081,0.8507911650089373,0.7620501059935225,35
oceanembed,spatial,upwelling,2000.0,0.0835578590631485,0.008775532245635986,0.9679388292565595,0.5084892373172535,35
oceanembed,spatial,upwelling,-1.0,0.7784043550491333,0.176921084523201,0.9962514015689397,0.9337998675092344,35
oceanembed,spatial,all,0.0,0.3765107989311218,0.64128178358078,0.9444840167948114,0.8522585343185953,1044
oceanembed,spatial,all,10.0,0.35983923077583313,0.6279392242431641,0.9437786455479326,0.8549548017660866,1044
oceanembed,spatial,all,20.0,0.37655091285705566,0.5411501526832581,0.9178134578486304,0.8406666810136763,1044
oceanembed,spatial,all,30.0,0.46040403842926025,0.4941149652004242,0.8359673679871066,0.8058235698138854,1044
oceanembed,spatial,all,50.0,0.647514283657074,0.4538675546646118,0.6882241526709382,0.8023729221437391,1044
oceanembed,spatial,all,75.0,1.0404669046401978,0.34899431467056274,0.7796179305420967,0.7941884553141072,1044
oceanembed,spatial,all,100.0,1.3382227420806885,0.19373711943626404,0.7677261496869632,0.6210946273951226,1044
oceanembed,spatial,all,125.0,1.2088167667388916,0.11200661212205887,0.7617980383945773,0.38997362483277775,1044
oceanembed,spatial,all,150.0,1.0528095960617065,0.0787300243973732,0.7487623494420985,0.43594640874811164,1044
oceanembed,spatial,all,200.0,0.6849228739738464,0.050123248249292374,0.6941910475750731,0.5318650877741465,1044
oceanembed,spatial,all,250.0,0.4105861186981201,0.03609354421496391,0.7087855442418326,0.5771276438647479,1044
oceanembed,spatial,all,300.0,0.29219475388526917,0.030685488134622574,0.686819805332688,0.5428847882357746,1044
oceanembed,spatial,all,400.0,0.18012477457523346,0.026889406144618988,0.6536147688750507,0.40445070269266303,1044
oceanembed,spatial,all,500.0,0.16260221600532532,0.028899867087602615,0.5684842089760843,0.3611727612137382,1044
oceanembed,spatial,all,700.0,0.14429707825183868,0.02942665107548237,0.503682906203605,0.37614322298332536,1044
oceanembed,spatial,all,1000.0,0.1334773302078247,0.02284013107419014,0.46847856116419917,0.45453502995228373,1044
oceanembed,spatial,all,1500.0,0.11523269861936569,0.016933858394622803,0.6399579238454721,0.6638425390709055,1044
oceanembed,spatial,all,2000.0,0.065312460064888,0.02249915897846222,0.8218656139905817,0.9042649233434636,1044
oceanembed,spatial,all,-1.0,0.6510077118873596,0.3168826699256897,0.9973136958930638,0.9623546138413592,1044
oceanembed_lp05,spatial,well_mixed,0.0,0.4196641445159912,0.6264330148696899,0.9379934980546533,0.6945345676642253,220
oceanembed_lp05,spatial,well_mixed,10.0,0.43665724992752075,0.6055721044540405,0.9246709391765671,0.7109535261647166,220
oceanembed_lp05,spatial,well_mixed,20.0,0.5271546840667725,0.5429078340530396,0.8785670083785266,0.699053993975135,220
oceanembed_lp05,spatial,well_mixed,30.0,0.6468249559402466,0.4880286157131195,0.7743742685511467,0.6478403545886428,220
oceanembed_lp05,spatial,well_mixed,50.0,0.6556078791618347,0.4595135450363159,0.5241450810733761,0.6511588423054133,220
oceanembed_lp05,spatial,well_mixed,75.0,1.1042522192001343,0.4232822060585022,0.5285556834824393,0.6065798520775276,220
oceanembed_lp05,spatial,well_mixed,100.0,1.7823940515518188,0.24633261561393738,0.4640331581037686,0.3520682667878752,220
oceanembed_lp05,spatial,well_mixed,125.0,1.4980456829071045,0.13385318219661713,0.5293610014917988,0.07542247169593239,220
oceanembed_lp05,spatial,well_mixed,150.0,1.271572232246399,0.07975983619689941,0.6016690905197489,0.2044823089680314,220
oceanembed_lp05,spatial,well_mixed,200.0,0.7838650345802307,0.04564477875828743,0.5307719355831388,0.45035745981265274,220
oceanembed_lp05,spatial,well_mixed,250.0,0.4297988712787628,0.026937466114759445,0.4724605833579485,0.5464357816715364,220
oceanembed_lp05,spatial,well_mixed,300.0,0.3152658939361572,0.02239859290421009,0.35418486110434,0.3853825405265008,220
oceanembed_lp05,spatial,well_mixed,400.0,0.19435258209705353,0.02453659474849701,0.21912958328874646,0.07098299020143292,220
oceanembed_lp05,spatial,well_mixed,500.0,0.17589077353477478,0.027915962040424347,0.1463556860811246,0.07100286646802845,220
oceanembed_lp05,spatial,well_mixed,700.0,0.1637590527534485,0.029495341703295708,0.13735144658692186,0.24300613744038668,220
oceanembed_lp05,spatial,well_mixed,1000.0,0.15643326938152313,0.023305578157305717,0.31013336192329466,0.274720259662364,220
oceanembed_lp05,spatial,well_mixed,1500.0,0.14826980233192444,0.015162929892539978,0.5080600450911134,0.27931966144299464,220
oceanembed_lp05,spatial,well_mixed,2000.0,0.06795428693294525,0.010658918879926205,0.5305861249955246,0.23464309893038537,220
oceanembed_lp05,spatial,well_mixed,-1.0,0.7895863652229309,0.32011231780052185,0.9962929098247729,0.9410282351990154,220
oceanembed_lp05,spatial,barrier_layer_stratified,0.0,0.3877640962600708,0.6901371479034424,0.9422347667195451,0.8435054922324092,789
oceanembed_lp05,spatial,barrier_layer_stratified,10.0,0.3594551682472229,0.6767544746398926,0.9465260312352571,0.8444439901169751,789
oceanembed_lp05,spatial,barrier_layer_stratified,20.0,0.34997105598449707,0.5775148868560791,0.9294913400911441,0.8273017510550021,789
oceanembed_lp05,spatial,barrier_layer_stratified,30.0,0.42608195543289185,0.528390109539032,0.8643470027228345,0.7878604471942164,789
oceanembed_lp05,spatial,barrier_layer_stratified,50.0,0.6716269850730896,0.4820576608181,0.7176397293594933,0.7912129454537907,789
oceanembed_lp05,spatial,barrier_layer_stratified,75.0,1.055488109588623,0.3503204882144928,0.7850144341065035,0.7917448501027613,789
oceanembed_lp05,spatial,barrier_layer_stratified,100.0,1.2481977939605713,0.1888440102338791,0.7860831810786236,0.63905721273344,789
oceanembed_lp05,spatial,barrier_layer_stratified,125.0,1.1637184619903564,0.11076737940311432,0.7653685590133672,0.4407367434150781,789
oceanembed_lp05,spatial,barrier_layer_stratified,150.0,1.0320382118225098,0.08260602504014969,0.7360524653503545,0.4435730198954447,789
oceanembed_lp05,spatial,barrier_layer_stratified,200.0,0.6770244240760803,0.054161351174116135,0.6888886356531158,0.5150891216727449,789
oceanembed_lp05,spatial,barrier_layer_stratified,250.0,0.4172198176383972,0.040255285799503326,0.7060004782557227,0.552858669634947,789
oceanembed_lp05,spatial,barrier_layer_stratified,300.0,0.299961119890213,0.034597087651491165,0.6923332435431835,0.5255464339742906,789
oceanembed_lp05,spatial,barrier_layer_stratified,400.0,0.18542031943798065,0.02911059930920601,0.672972888735308,0.4303904646913663,789
oceanembed_lp05,spatial,barrier_layer_stratified,500.0,0.1683468371629715,0.030918963253498077,0.6009671247176905,0.39170695514314346,789
oceanembed_lp05,spatial,barrier_layer_stratified,700.0,0.147275909781456,0.031339749693870544,0.5550293179114973,0.38691075869023467,789
oceanembed_lp05,spatial,barrier_layer_stratified,1000.0,0.13472141325473785,0.02418001927435398,0.5008909376559544,0.460456617912836,789
oceanembed_lp05,spatial,barrier_layer_stratified,1500.0,0.11066263914108276,0.01851177029311657,0.6833201688079115,0.6830988550983308,789
oceanembed_lp05,spatial,barrier_layer_stratified,2000.0,0.06688383221626282,0.026448722928762436,0.851700404609184,0.9047067146439446,789
oceanembed_lp05,spatial,barrier_layer_stratified,-1.0,0.6350966095924377,0.3374956548213959,0.9974445585910597,0.9626167049926773,789
oceanembed_lp05,spatial,upwelling,0.0,0.2816007435321808,0.329235315322876,0.7362070605043007,0.547739230494402,35
oceanembed_lp05,spatial,upwelling,10.0,0.2683629095554352,0.32151252031326294,0.7507279195840351,0.5716728055987395,35
oceanembed_lp05,spatial,upwelling,20.0,0.2630298137664795,0.3139745891094208,0.7395600051058553,0.5524739069875941,35
oceanembed_lp05,spatial,upwelling,30.0,0.3478396534919739,0.3073804974555969,0.7589940798052053,0.5663079151018535,35
oceanembed_lp05,spatial,upwelling,50.0,0.8042532205581665,0.29840439558029175,0.814263667746338,0.5039365719939175,35
oceanembed_lp05,spatial,upwelling,75.0,1.4524917602539062,0.1972106397151947,0.7660414445630215,0.5451449610108954,35
oceanembed_lp05,spatial,upwelling,100.0,1.6282868385314941,0.16301396489143372,0.8134847875130311,0.10800171067649741,35
oceanembed_lp05,spatial,upwelling,125.0,1.5801117420196533,0.12516887485980988,0.8736513437484427,-0.09130273718418357,35
oceanembed_lp05,spatial,upwelling,150.0,1.2656149864196777,0.07799605280160904,0.829372846048141,0.32060879755853616,35
oceanembed_lp05,spatial,upwelling,200.0,0.9703081846237183,0.04377567023038864,0.7961299492170549,0.471951646309475,35
oceanembed_lp05,spatial,upwelling,250.0,0.5933118462562561,0.03124329261481762,0.8246421901134484,0.5908170636168147,35
oceanembed_lp05,spatial,upwelling,300.0,0.322899729013443,0.016914673149585724,0.792030300091883,0.5669114802019284,35
oceanembed_lp05,spatial,upwelling,400.0,0.18734684586524963,0.02169346995651722,0.6574242645488483,0.5212950153603574,35
oceanembed_lp05,spatial,upwelling,500.0,0.14260821044445038,0.023497339338064194,0.6585793846386038,0.6179366372375701,35
oceanembed_lp05,spatial,upwelling,700.0,0.12292139232158661,0.019300444051623344,0.5765328422856351,0.45435262714085645,35
oceanembed_lp05,spatial,upwelling,1000.0,0.10438541322946548,0.015507460571825504,0.7324093705354734,0.5434697335870747,35
oceanembed_lp05,spatial,upwelling,1500.0,0.11720216274261475,0.008979064412415028,0.8236928813942376,0.7387237881474763,35
oceanembed_lp05,spatial,upwelling,2000.0,0.08689416199922562,0.00913249235600233,0.9556687661499924,0.37759876165154477,35
oceanembed_lp05,spatial,upwelling,-1.0,0.8093992471694946,0.1839716136455536,0.9959469183351676,0.9281316721959105,35
oceanembed_lp05,spatial,all,0.0,0.39167124032974243,0.6680432558059692,0.9392611426791483,0.8299756463586396,1044
oceanembed_lp05,spatial,all,10.0,0.37448954582214355,0.6533550024032593,0.9384728051831319,0.8334420451197644,1044
oceanembed_lp05,spatial,all,20.0,0.39171770215034485,0.5634502172470093,0.9104064530429808,0.8187391902621843,1044
oceanembed_lp05,spatial,all,30.0,0.478982150554657,0.5141581892967224,0.8212343987484767,0.7798409444435811,1044
oceanembed_lp05,spatial,all,50.0,0.673175036907196,0.47233593463897705,0.6596921781138984,0.7728293603333521,1044
oceanembed_lp05,spatial,all,75.0,1.0814937353134155,0.36305394768714905,0.7607011478807592,0.7613427412764806,1044
oceanembed_lp05,spatial,all,100.0,1.3913321495056152,0.20156709849834442,0.7497889441665395,0.5741979357895287,1044
oceanembed_lp05,spatial,all,125.0,1.25700843334198,0.11650476604700089,0.7414310557793202,0.3435574021989907,1044
oceanembed_lp05,spatial,all,150.0,1.0951589345932007,0.08186300843954086,0.723791875579484,0.3924080811777219,1044
oceanembed_lp05,spatial,all,200.0,0.7123553156852722,0.05215584859251976,0.66135085932495,0.49252761020628577,1044
oceanembed_lp05,spatial,all,250.0,0.4269464313983917,0.03755415230989456,0.6742773036719218,0.5316166164775522,1044
oceanembed_lp05,spatial,all,300.0,0.30403923988342285,0.031936049461364746,0.6485849545474742,0.4953671285107054,1044
oceanembed_lp05,spatial,all,400.0,0.18740226328372955,0.027983658015727997,0.6132948944560651,0.36471702242749027,1044
oceanembed_lp05,spatial,all,500.0,0.16917482018470764,0.030085111036896706,0.5283427772256439,0.3317315611674296,1044
oceanembed_lp05,spatial,all,700.0,0.15017743408679962,0.030625583603978157,0.4644822805724495,0.34906210370203083,1044
oceanembed_lp05,spatial,all,1000.0,0.1387062519788742,0.02375183254480362,0.4261290225616189,0.421633840461484,1044
oceanembed_lp05,spatial,all,1500.0,0.11981215327978134,0.01760585606098175,0.5935368270464646,0.61618034347282,1044
oceanembed_lp05,spatial,all,2000.0,0.06789959222078323,0.02339792251586914,0.7816365118196706,0.8779125733692739,1044
oceanembed_lp05,spatial,all,-1.0,0.6769620180130005,0.3298482596874237,0.9970952231569414,0.9584448476911654,1044
oceanembed_lp30,spatial,well_mixed,0.0,0.4314819574356079,0.642500638961792,0.9341717369522814,0.6635671833175588,220
oceanembed_lp30,spatial,well_mixed,10.0,0.4487042725086212,0.6226848363876343,0.9202758821081707,0.6840963831594992,220
oceanembed_lp30,spatial,well_mixed,20.0,0.5420641899108887,0.5573317408561707,0.8719216327373299,0.6715076982979679,220
oceanembed_lp30,spatial,well_mixed,30.0,0.6638681888580322,0.5020529627799988,0.7632824379143448,0.620361022144012,220
oceanembed_lp30,spatial,well_mixed,50.0,0.6726517677307129,0.4726441502571106,0.4985584938624802,0.6226273766922249,220
oceanembed_lp30,spatial,well_mixed,75.0,1.1359481811523438,0.4359082877635956,0.49135921572590147,0.5675295475144128,220
oceanembed_lp30,spatial,well_mixed,100.0,1.8352993726730347,0.25361743569374084,0.4318306647504658,0.300317683615916,220
oceanembed_lp30,spatial,well_mixed,125.0,1.541360855102539,0.1380314975976944,0.49998280592510747,0.041185491071570615,220
oceanembed_lp30,spatial,well_mixed,150.0,1.307361364364624,0.08229243755340576,0.5731476029000474,0.1809867229771184,220
oceanembed_lp30,spatial,well_mixed,200.0,0.806894838809967,0.04709566384553909,0.4957620902142843,0.4355369572702488,220
oceanembed_lp30,spatial,well_mixed,250.0,0.4434873163700104,0.02781132236123085,0.4239283162220096,0.5321589871834731,220
oceanembed_lp30,spatial,well_mixed,300.0,0.324911504983902,0.023056121543049812,0.29745749353476,0.37128406088657345,220
oceanembed_lp30,spatial,well_mixed,400.0,0.199994295835495,0.025283873081207275,0.1626022004119264,0.05723298290024861,220
oceanembed_lp30,spatial,well_mixed,500.0,0.18113955855369568,0.028785550966858864,0.09865532833240627,0.0603071650942563,220
oceanembed_lp30,spatial,well_mixed,700.0,0.16848336160182953,0.030440719798207283,0.10595256406951117,0.2346519688974318,220
oceanembed_lp30,spatial,well_mixed,1000.0,0.1612030565738678,0.024002645164728165,0.2736590177081918,0.2623157970501091,220
oceanembed_lp30,spatial,well_mixed,1500.0,0.15265300869941711,0.015596257522702217,0.4543787382116483,0.24407219065819977,220
oceanembed_lp30,spatial,well_mixed,2000.0,0.06994849443435669,0.010976402088999748,0.4596846148741608,0.161987399825655,220
oceanembed_lp30,spatial,well_mixed,-1.0,0.8123535513877869,0.3289986550807953,0.9960795686098285,0.9368572891667823,220
oceanembed_lp30,spatial,barrier_layer_stratified,0.0,0.3989771604537964,0.7061693072319031,0.9383039839891819,0.8256179024172332,789
oceanembed_lp30,spatial,barrier_layer_stratified,10.0,0.3692760765552521,0.6962987184524536,0.9429474724765247,0.826117928221309,789
oceanembed_lp30,spatial,barrier_layer_stratified,20.0,0.35973674058914185,0.5924071669578552,0.9250678845025221,0.8083804157226485,789
oceanembed_lp30,spatial,barrier_layer_stratified,30.0,0.43823111057281494,0.5437082052230835,0.8554944689935634,0.7674548201079838,789
oceanembed_lp30,spatial,barrier_layer_stratified,50.0,0.6930292844772339,0.4957045018672943,0.6968126864364711,0.766606591333232,789
oceanembed_lp30,spatial,barrier_layer_stratified,75.0,1.0893335342407227,0.3608982264995575,0.7696633704500364,0.7675712205940267,789
oceanembed_lp30,spatial,barrier_layer_stratified,100.0,1.2865759134292603,0.19460314512252808,0.7732610996621472,0.6088045617244432,789
oceanembed_lp30,spatial,barrier_layer_stratified,125.0,1.1981128454208374,0.11424769461154938,0.7512392264900484,0.40700430026287754,789
oceanembed_lp30,spatial,barrier_layer_stratified,150.0,1.0608357191085815,0.08523775637149811,0.718562018454898,0.4091545361947541,789
oceanembed_lp30,spatial,barrier_layer_stratified,200.0,0.6969276666641235,0.0557713657617569,0.6658780771507927,0.48237948490119587,789
oceanembed_lp30,spatial,barrier_layer_stratified,250.0,0.42994531989097595,0.041416723281145096,0.6802117666262598,0.5157553516032851,789
oceanembed_lp30,spatial,barrier_layer_stratified,300.0,0.3089059591293335,0.03559398278594017,0.6648170078480821,0.4871013946591029,789
oceanembed_lp30,spatial,barrier_layer_stratified,400.0,0.1912814974784851,0.029994405806064606,0.643495756544112,0.39899367746415815,789
oceanembed_lp30,spatial,barrier_layer_stratified,500.0,0.17389540374279022,0.03189626708626747,0.5718408716836305,0.3685504529866815,789
oceanembed_lp30,spatial,barrier_layer_stratified,700.0,0.15175479650497437,0.03228303790092468,0.5283957556707951,0.3649855874836781,789
oceanembed_lp30,spatial,barrier_layer_stratified,1000.0,0.13938573002815247,0.02491762302815914,0.46480654927799464,0.4332156735474525,789
oceanembed_lp30,spatial,barrier_layer_stratified,1500.0,0.11399774998426437,0.01905234344303608,0.6437770605368149,0.6446753696386298,789
oceanembed_lp30,spatial,barrier_layer_stratified,2000.0,0.06898651272058487,0.027211418375372887,0.825095007536838,0.883423923179951,789
oceanembed_lp30,spatial,barrier_layer_stratified,-1.0,0.6541926860809326,0.34663504362106323,0.9972879108177469,0.9597467868850108,789
oceanembed_lp30,spatial,upwelling,0.0,0.290000855922699,0.33914950489997864,0.7158846072126263,0.5115786262947488,35
oceanembed_lp30,spatial,upwelling,10.0,0.27612170577049255,0.3305194079875946,0.7308730618034436,0.537767356602146,35
oceanembed_lp30,spatial,upwelling,20.0,0.2707386016845703,0.3231406509876251,0.7190812879960978,0.5161356820925249,35
oceanembed_lp30,spatial,upwelling,30.0,0.35782352089881897,0.3165683448314667,0.735882674436723,0.5286859226515742,35
oceanembed_lp30,spatial,upwelling,50.0,0.8268970847129822,0.3074536621570587,0.791936793653065,0.45874795511473465,35
oceanembed_lp30,spatial,upwelling,75.0,1.494311809539795,0.20268625020980835,0.7410554844401295,0.5073490815209185,35
oceanembed_lp30,spatial,upwelling,100.0,1.6749204397201538,0.16765591502189636,0.7931355432111684,0.045250808375847565,35
oceanembed_lp30,spatial,upwelling,125.0,1.625304102897644,0.12865032255649567,0.8552721182181828,-0.14825807921460118,35
oceanembed_lp30,spatial,upwelling,150.0,1.3038017749786377,0.08013980090618134,0.8028605098634283,0.2739284931258129,35
oceanembed_lp30,spatial,upwelling,200.0,0.9993742108345032,0.04497680813074112,0.7555663571027516,0.4329304550084069,35
oceanembed_lp30,spatial,upwelling,250.0,0.6104874610900879,0.03221074864268303,0.787963262325824,0.5533635603811616,35
oceanembed_lp30,spatial,upwelling,300.0,0.33174100518226624,0.017396580427885056,0.7552595455073422,0.542073215094216,35
oceanembed_lp30,spatial,upwelling,400.0,0.1926257610321045,0.02225947007536888,0.6151928592368968,0.5055050037156028,35
oceanembed_lp30,spatial,upwelling,500.0,0.14694447815418243,0.024073999375104904,0.623668375490599,0.6039143135153343,35
oceanembed_lp30,spatial,upwelling,700.0,0.1266597956418991,0.01980670914053917,0.5426189998473369,0.4377277210737215,35
oceanembed_lp30,spatial,upwelling,1000.0,0.10718715935945511,0.015963654965162277,0.7087627241040761,0.526643182784961,35
oceanembed_lp30,spatial,upwelling,1500.0,0.12036893516778946,0.009203504770994186,0.7998092979684314,0.7200559466651013,35
oceanembed_lp30,spatial,upwelling,2000.0,0.08938261866569519,0.009399374946951866,0.9414202320413324,0.27384724522925724,35
oceanembed_lp30,spatial,upwelling,-1.0,0.832848310470581,0.18935208022594452,0.9957087660020508,0.9236666551075228,35
oceanembed_lp30,spatial,all,0.0,0.4029317796230316,0.6838994026184082,0.9352236401846455,0.811368591190196,1044
oceanembed_lp30,spatial,all,10.0,0.38476017117500305,0.6721454858779907,0.9345082109650339,0.815169683514462,1044
oceanembed_lp30,spatial,all,20.0,0.40271320939064026,0.5780858993530273,0.9049478729070185,0.800031201214052,1044
oceanembed_lp30,spatial,all,30.0,0.49224311113357544,0.529044508934021,0.8102215777199988,0.7596545031472387,1044
oceanembed_lp30,spatial,all,50.0,0.6937193274497986,0.48574531078338623,0.6368189151090072,0.7480215727299137,1044
oceanembed_lp30,spatial,all,75.0,1.1151610612869263,0.3739694654941559,0.7450278738641607,0.7345909965487722,1044
oceanembed_lp30,spatial,all,100.0,1.4334646463394165,0.20764675736427307,0.7356363596499104,0.5387344472369536,1044
oceanembed_lp30,spatial,all,125.0,1.2938553094863892,0.12014248967170715,0.7257014360638453,0.3084252389434069,1044
oceanembed_lp30,spatial,all,150.0,1.1259045600891113,0.08445846289396286,0.7045996337234025,0.3596485962261256,1044
oceanembed_lp30,spatial,all,200.0,0.733318567276001,0.05372078716754913,0.6353270341898608,0.4630238595299396,1044
oceanembed_lp30,spatial,all,250.0,0.4400486946105957,0.038654129952192307,0.6448575022200144,0.4976381862244326,1044
oceanembed_lp30,spatial,all,300.0,0.3131311237812042,0.03285796195268631,0.6172095423561311,0.4592629074651718,1044
oceanembed_lp30,spatial,all,400.0,0.19319500029087067,0.028831280767917633,0.5790479656536099,0.3355764332693182,1044
oceanembed_lp30,spatial,all,500.0,0.1746201068162918,0.03102921135723591,0.49455050822433244,0.3102110106079284,1044
oceanembed_lp30,spatial,all,700.0,0.15468555688858032,0.03155754134058952,0.43518659346738253,0.32929851247018765,1044
oceanembed_lp30,spatial,all,1000.0,0.1433338075876236,0.024473125115036964,0.3899569283115721,0.3970441704069736,1044
oceanembed_lp30,spatial,all,1500.0,0.12338860332965851,0.01811760477721691,0.552283098387523,0.577482777237337,1044
oceanembed_lp30,spatial,all,2000.0,0.0699918121099472,0.02407372184097767,0.7439690030384828,0.8519921475966254,1044
oceanembed_lp30,spatial,all,-1.0,0.6970414519309998,0.33883264660835266,0.9969201319481045,0.9553262155191751,1044
baseline,temporal,well_mixed,0.0,0.7943094968795776,0.25548821687698364,0.8182647004487661,0.962439203666318,504
baseline,temporal,well_mixed,10.0,0.9015212059020996,0.27309179306030273,0.7846845032857304,0.9563485948283806,504
baseline,temporal,well_mixed,20.0,1.379361867904663,0.296840637922287,0.6186942676689617,0.9431120099847894,504
baseline,temporal,well_mixed,30.0,1.6459572315216064,0.2749932110309601,0.7239195469022772,0.9466220767162353,504
baseline,temporal,well_mixed,50.0,1.282457709312439,0.28349485993385315,0.8932292538144613,0.9427503843296112,504
baseline,temporal,well_mixed,75.0,1.4356162548065186,0.288467675447464,0.8731593402221174,0.9305598665888369,504
baseline,temporal,well_mixed,100.0,2.00337815284729,0.2711862623691559,0.6975850459029943,0.9201165756345048,504
baseline,temporal,well_mixed,125.0,1.6969425678253174,0.26022329926490784,0.6541805547138899,0.918164291262856,504
baseline,temporal,well_mixed,150.0,1.423974871635437,0.275637149810791,0.830364772829268,0.9087374747367707,504
baseline,temporal,well_mixed,200.0,1.2210173606872559,0.30648449063301086,0.9040124142240591,0.9054315681520904,504
baseline,temporal,well_mixed,250.0,1.1950699090957642,0.25775250792503357,0.8906790914483835,0.9206288383748298,504
baseline,temporal,well_mixed,300.0,1.140554666519165,0.2367996871471405,0.875296944656607,0.9201777585403716,504
baseline,temporal,well_mixed,400.0,0.715558648109436,0.16198010742664337,0.919731410561358,0.9434275314163513,504
baseline,temporal,well_mixed,500.0,0.5177250504493713,0.11804110556840897,0.9429451018367576,0.9562760422940021,504
baseline,temporal,well_mixed,700.0,0.41761016845703125,0.08825736492872238,0.9457958820548198,0.9567423947115709,504
baseline,temporal,well_mixed,1000.0,0.3310600221157074,0.07568570226430893,0.9582020269246464,0.9455327797752711,504
baseline,temporal,well_mixed,1500.0,0.19124191999435425,0.04026725888252258,0.9489401793734892,0.9243884290460217,504
baseline,temporal,well_mixed,2000.0,0.10487236082553864,0.014926650561392307,0.8787319169317027,0.8842503806473385,504
baseline,temporal,well_mixed,-1.0,1.2086153030395508,0.24113506078720093,0.9872287529255267,0.945628782911935,504
baseline,temporal,barrier_layer_stratified,0.0,0.45313629508018494,0.31071755290031433,0.9032526670083769,0.9534015554875271,82
baseline,temporal,barrier_layer_stratified,10.0,0.425862580537796,0.3129161596298218,0.9104085139451515,0.952737654278921,82
baseline,temporal,barrier_layer_stratified,20.0,0.5456423759460449,0.3274703919887543,0.8861760316401524,0.9504542923022676,82
baseline,temporal,barrier_layer_stratified,30.0,0.9995962977409363,0.35565900802612305,0.7757869372236519,0.9445631753382007,82
baseline,temporal,barrier_layer_stratified,50.0,1.7429667711257935,0.3342393934726715,0.6569875068624033,0.9000597602590031,82
baseline,temporal,barrier_layer_stratified,75.0,1.8799904584884644,0.24850520491600037,0.6201988522261284,0.920149387797441,82
baseline,temporal,barrier_layer_stratified,100.0,2.116081953048706,0.22140178084373474,0.5754492638662192,0.9438691073482569,82
baseline,temporal,barrier_layer_stratified,125.0,1.5779510736465454,0.15751038491725922,0.7152896410950905,0.973927884632761,82
baseline,temporal,barrier_layer_stratified,150.0,1.3534928560256958,0.17795075476169586,0.8135991563309962,0.976635519628749,82
baseline,temporal,barrier_layer_stratified,200.0,0.8460528254508972,0.1770401895046234,0.9315574524157951,0.9744272421365155,82
baseline,temporal,barrier_layer_stratified,250.0,0.7176149487495422,0.1414346545934677,0.9531141834844017,0.9853050515909567,82
baseline,temporal,barrier_layer_stratified,300.0,0.6935935020446777,0.1229562908411026,0.9418772747304478,0.9795152564567067,82
baseline,temporal,barrier_layer_stratified,400.0,0.4488690495491028,0.09795081615447998,0.9631046304076225,0.9790756978150911,82
baseline,temporal,barrier_layer_stratified,500.0,0.3827502429485321,0.08225560933351517,0.9664979620872736,0.9808681108307381,82
baseline,temporal,barrier_layer_stratified,700.0,0.3677280843257904,0.06670098006725311,0.9663810799106369,0.9832408723790064,82
baseline,temporal,barrier_layer_stratified,1000.0,0.3079143762588501,0.05851305276155472,0.960720071852549,0.9709528749299267,82
baseline,temporal,barrier_layer_stratified,1500.0,0.1639784872531891,0.02482854761183262,0.9502063083974597,0.9740570683882989,82
baseline,temporal,barrier_layer_stratified,2000.0,0.11570797860622406,0.01771814189851284,0.8331944137221698,0.9162768251502297,82
baseline,temporal,barrier_layer_stratified,-1.0,1.06293785572052,0.21580319106578827,0.9921042481278427,0.9518508952335476,82
baseline,temporal,upwelling,0.0,0.7503712773323059,0.3167107403278351,0.89740686083125,0.9528799667655169,50
baseline,temporal,upwelling,10.0,0.7473212480545044,0.3159480392932892,0.8930253648626478,0.9520597760191332,50
baseline,temporal,upwelling,20.0,0.8468989729881287,0.29624781012535095,0.8565028850741753,0.9551313694960212,50
baseline,temporal,upwelling,30.0,0.9954222440719604,0.28083348274230957,0.8355456888002415,0.9536302846567805,50
baseline,temporal,upwelling,50.0,1.5046114921569824,0.2457985132932663,0.7702456217808586,0.9540418432708334,50
baseline,temporal,upwelling,75.0,2.149165391921997,0.23684683442115784,0.6942709015619197,0.9446784844843088,50
baseline,temporal,upwelling,100.0,2.435173988342285,0.21492157876491547,0.6922466851555855,0.9440695439830745,50
baseline,temporal,upwelling,125.0,2.198686361312866,0.16507768630981445,0.7141363743232599,0.9440686608790883,50
baseline,temporal,upwelling,150.0,2.442718982696533,0.15941421687602997,0.6701780931664797,0.9387942499836461,50
baseline,temporal,upwelling,200.0,1.9956151247024536,0.14581486582756042,0.6421793502591161,0.9326807677728152,50
baseline,temporal,upwelling,250.0,0.9710021615028381,0.16830234229564667,0.7871084725810278,0.8989743545596969,50
baseline,temporal,upwelling,300.0,0.6508382558822632,0.1608974188566208,0.8674119074841651,0.899835123253715,50
baseline,temporal,upwelling,400.0,0.476116418838501,0.14224205911159515,0.9192609015726949,0.9161523957511203,50
baseline,temporal,upwelling,500.0,0.3972407579421997,0.12056612223386765,0.944466729295912,0.9352719820000847,50
baseline,temporal,upwelling,700.0,0.3535263240337372,0.07361327111721039,0.9666166823573442,0.9673769460931733,50
baseline,temporal,upwelling,1000.0,0.35061928629875183,0.057990267872810364,0.9499960782889817,0.9654286897052059,50
baseline,temporal,upwelling,1500.0,0.2214989811182022,0.02556312456727028,0.8920324677838749,0.9529313721591128,50
baseline,temporal,upwelling,2000.0,0.11122433096170425,0.009910163469612598,0.7597105119335537,0.9093547580586983,50
baseline,temporal,upwelling,-1.0,1.3761786222457886,0.20228517055511475,0.9854021046438093,0.948668177649065,50
baseline,temporal,all,0.0,0.7554598450660706,0.2684400975704193,0.8320105385852496,0.9638322478283796,636
baseline,temporal,all,10.0,0.843414306640625,0.28208619356155396,0.8059414814473279,0.9595828151486167,636
baseline,temporal,all,20.0,1.2659085988998413,0.30091893672943115,0.6670369367957499,0.9505305130902489,636
baseline,temporal,all,30.0,1.5341507196426392,0.28711575269699097,0.7423715678352877,0.951033608862157,636
baseline,temporal,all,50.0,1.3685775995254517,0.2878233790397644,0.8651981085013319,0.9414879512760008,636
baseline,temporal,all,75.0,1.565902590751648,0.27984824776649475,0.833177992431528,0.9345974835607079,636
baseline,temporal,all,100.0,2.055250883102417,0.2612086832523346,0.696331544378984,0.9313989807577827,636
baseline,temporal,all,125.0,1.7271467447280884,0.2429051697254181,0.6863027350505455,0.9331533843841479,636
baseline,temporal,all,150.0,1.520574927330017,0.2574644088745117,0.8145297957110026,0.9254625798901387,636
baseline,temporal,all,200.0,1.259695291519165,0.28310760855674744,0.8973994612699976,0.9221611817225938,636
baseline,temporal,all,250.0,1.127959966659546,0.23969487845897675,0.9031624993367267,0.9339163405735186,636
baseline,temporal,all,300.0,1.0612257719039917,0.22004659473896027,0.8929283178372732,0.9328860290166667,636
baseline,temporal,all,400.0,0.670487642288208,0.15368689596652985,0.9318540342825334,0.9507012676647714,636
baseline,temporal,all,500.0,0.49362266063690186,0.11428017169237137,0.9510481194615287,0.961548418408622,636
baseline,temporal,all,700.0,0.4065989553928375,0.08461863547563553,0.9553021920551643,0.9653752662863442,636
baseline,temporal,all,1000.0,0.32952097058296204,0.07131194323301315,0.9590712322196061,0.9543869011348598,636
baseline,temporal,all,1500.0,0.19059671461582184,0.036551281809806824,0.9449606695536609,0.9384215899384536,636
baseline,temporal,all,2000.0,0.10765492916107178,0.015147206373512745,0.8575974925476151,0.9012165688288502,636
baseline,temporal,all,-1.0,1.204923152923584,0.23494067788124084,0.9878134841567201,0.95059874007488,636
oceanembed,temporal,well_mixed,0.0,0.5909940600395203,0.21872711181640625,0.8963011083710446,0.9717541815953464,504
oceanembed,temporal,well_mixed,10.0,0.7324786186218262,0.23722295463085175,0.8632776396597736,0.9667315905737044,504
oceanembed,temporal,well_mixed,20.0,1.219982624053955,0.2580330967903137,0.742682092839362,0.9574083018921443,504
oceanembed,temporal,well_mixed,30.0,1.414426565170288,0.23696571588516235,0.8194434869870058,0.9608612960068434,504
oceanembed,temporal,well_mixed,50.0,1.01759672164917,0.2402641922235489,0.9329013271737326,0.9589311024516716,504
oceanembed,temporal,well_mixed,75.0,1.1631929874420166,0.24619537591934204,0.9244476261104178,0.9488190145003361,504
oceanembed,temporal,well_mixed,100.0,1.6558611392974854,0.23223409056663513,0.8293940346706182,0.9399609174667104,504
oceanembed,temporal,well_mixed,125.0,1.3957524299621582,0.21902675926685333,0.7949743675773034,0.938786269054721,504
oceanembed,temporal,well_mixed,150.0,1.1468504667282104,0.23261556029319763,0.8960714483331256,0.9298729394254214,504
oceanembed,temporal,well_mixed,200.0,1.0029953718185425,0.2564292848110199,0.9344538862791607,0.9294403352167703,504
oceanembed,temporal,well_mixed,250.0,0.9709845185279846,0.2185492217540741,0.9281422837620343,0.9420352058878216,504
oceanembed,temporal,well_mixed,300.0,0.940700888633728,0.20197926461696625,0.9191524233079554,0.9426675622230617,504
oceanembed,temporal,well_mixed,400.0,0.5893927812576294,0.13832886517047882,0.9513706597883153,0.9618648124580762,504
oceanembed,temporal,well_mixed,500.0,0.4209572374820709,0.0988302156329155,0.9658004463726159,0.9710386250868379,504
oceanembed,temporal,well_mixed,700.0,0.3411986529827118,0.075589619576931,0.9658561930825752,0.9695312519221716,504
oceanembed,temporal,well_mixed,1000.0,0.27502337098121643,0.06506883352994919,0.9720733809629104,0.9602497820154257,504
oceanembed,temporal,well_mixed,1500.0,0.16113649308681488,0.03499242290854454,0.9644499010444268,0.9441726557101677,504
oceanembed,temporal,well_mixed,2000.0,0.09105302393436432,0.012990131042897701,0.9087368447060487,0.9137717987284845,504
oceanembed,temporal,well_mixed,-1.0,0.9973405003547668,0.20566484332084656,0.9912949828506531,0.9599092787475692,504
oceanembed,temporal,barrier_layer_stratified,0.0,0.3174438774585724,0.2394530475139618,0.9585543659586608,0.9728053624709481,82
oceanembed,temporal,barrier_layer_stratified,10.0,0.2968275249004364,0.2411983460187912,0.9607601794301259,0.9729015351622199,82
oceanembed,temporal,barrier_layer_stratified,20.0,0.3566906750202179,0.24994467198848724,0.9566534554459197,0.9721837779494868,82
oceanembed,temporal,barrier_layer_stratified,30.0,0.6647565364837646,0.2768828570842743,0.9219609262119068,0.9691876991191903,82
oceanembed,temporal,barrier_layer_stratified,50.0,1.137653112411499,0.25475919246673584,0.9004315927904292,0.9442148848962995,82
oceanembed,temporal,barrier_layer_stratified,75.0,1.1735093593597412,0.19182437658309937,0.8807330162706333,0.9554350399831907,82
oceanembed,temporal,barrier_layer_stratified,100.0,1.4787951707839966,0.17371733486652374,0.8225264021159021,0.9677151092620874,82
oceanembed,temporal,barrier_layer_stratified,125.0,1.082517147064209,0.12351160496473312,0.8747520498360609,0.9850953131715203,82
oceanembed,temporal,barrier_layer_stratified,150.0,0.9154245853424072,0.14095312356948853,0.9234395352705548,0.9871776950702479,82
oceanembed,temporal,barrier_layer_stratified,200.0,0.5859652161598206,0.14328375458717346,0.970271452248639,0.9864683170259462,82
oceanembed,temporal,barrier_layer_stratified,250.0,0.4934919774532318,0.11613155156373978,0.9792645267824428,0.9920931367938032,82
oceanembed,temporal,barrier_layer_stratified,300.0,0.4817167818546295,0.09862329810857773,0.9744667400006327,0.987617028857475,82
oceanembed,temporal,barrier_layer_stratified,400.0,0.31114229559898376,0.0773574560880661,0.9828568921672772,0.9873031726713207,82
oceanembed,temporal,barrier_layer_stratified,500.0,0.26346513628959656,0.06267070770263672,0.9842496632771093,0.9889378540972836,82
oceanembed,temporal,barrier_layer_stratified,700.0,0.2437317669391632,0.04882787540555,0.9852616822320669,0.9906076180061636,82
oceanembed,temporal,barrier_layer_stratified,1000.0,0.20205223560333252,0.04341139644384384,0.9837135182567984,0.9833478191329005,82
oceanembed,temporal,barrier_layer_stratified,1500.0,0.10844795405864716,0.01882334239780903,0.977983360153228,0.9843901710865599,82
oceanembed,temporal,barrier_layer_stratified,2000.0,0.07988623529672623,0.013827149756252766,0.9087877820431419,0.9471355777772867,82
oceanembed,temporal,barrier_layer_stratified,-1.0,0.7132894992828369,0.16731305420398712,0.9963943519345168,0.9730696326985958,82
oceanembed,temporal,upwelling,0.0,0.6135798692703247,0.2641966640949249,0.9448791299725456,0.9665105459444416,50
oceanembed,temporal,upwelling,10.0,0.6183724403381348,0.2583138048648834,0.9414730046063322,0.9676117857615208,50
oceanembed,temporal,upwelling,20.0,0.6909574270248413,0.23104169964790344,0.9213891848298579,0.9717360613813985,50
oceanembed,temporal,upwelling,30.0,0.7681636214256287,0.22264477610588074,0.9173064970830614,0.968770732700273,50
oceanembed,temporal,upwelling,50.0,1.1248215436935425,0.19121992588043213,0.8834756161340357,0.9710626147275812,50
oceanembed,temporal,upwelling,75.0,1.68937349319458,0.19375810027122498,0.8414456983463259,0.9655789798993163,50
oceanembed,temporal,upwelling,100.0,1.9152590036392212,0.18606959283351898,0.8494325963213758,0.9628938678738788,50
oceanembed,temporal,upwelling,125.0,1.7723597288131714,0.13410921394824982,0.8571867575191365,0.965337708273599,50
oceanembed,temporal,upwelling,150.0,1.9403208494186401,0.12932957708835602,0.8633469977048505,0.9620835530578965,50
oceanembed,temporal,upwelling,200.0,1.6117080450057983,0.10730892419815063,0.8509447455025513,0.9664927398160892,50
oceanembed,temporal,upwelling,250.0,0.7908930778503418,0.11263331770896912,0.8857101607345695,0.9413336361388932,50
oceanembed,temporal,upwelling,300.0,0.5085598230361938,0.10392584651708603,0.924605274928634,0.9399133066984311,50
oceanembed,temporal,upwelling,400.0,0.322640985250473,0.09227986633777618,0.9575213571730452,0.9517700827879177,50
oceanembed,temporal,upwelling,500.0,0.27772724628448486,0.0822053998708725,0.9738719166759392,0.9634576632819406,50
oceanembed,temporal,upwelling,700.0,0.27167463302612305,0.05761019513010979,0.9825204172910351,0.979631163452916,50
oceanembed,temporal,upwelling,1000.0,0.25486642122268677,0.044901374727487564,0.9754299623498116,0.9806639606104511,50
oceanembed,temporal,upwelling,1500.0,0.16473492980003357,0.01891154609620571,0.942853901186156,0.9727445467607052,50
oceanembed,temporal,upwelling,2000.0,0.09288891404867172,0.010965902358293533,0.814103796317469,0.8970017536092917,50
oceanembed,temporal,upwelling,-1.0,1.0894138813018799,0.15997318923473358,0.9910133424998661,0.9664157367176553,50
oceanembed,temporal,all,0.0,0.5651310086250305,0.22537122666835785,0.9094764736863729,0.9744739706780436,636
oceanembed,temporal,all,10.0,0.6830754280090332,0.2394610494375229,0.8812600853379505,0.9711393751115055,636
oceanembed,temporal,all,20.0,1.1105809211730957,0.2549775242805481,0.7766838013476366,0.964957927219353,636
oceanembed,temporal,all,30.0,1.2995182275772095,0.2414121776819229,0.8369745839913247,0.9660718975436802,636
oceanembed,temporal,all,50.0,1.0425564050674438,0.2387223094701767,0.9255501684127924,0.9609222502542294,636
oceanembed,temporal,all,75.0,1.2141361236572266,0.23606762290000916,0.9134782836810306,0.9542923302080001,636
oceanembed,temporal,all,100.0,1.6562426090240479,0.22215262055397034,0.8360158399864012,0.9497882200798288,636
oceanembed,temporal,all,125.0,1.3934985399246216,0.20346230268478394,0.8178611179448382,0.9506790209690272,636
oceanembed,temporal,all,150.0,1.2026258707046509,0.21623167395591736,0.8906601674943084,0.9437329811008346,636
oceanembed,temporal,all,200.0,1.022590160369873,0.23592539131641388,0.9327079336658793,0.9428875067841125,636
oceanembed,temporal,all,250.0,0.9097844362258911,0.20146141946315765,0.937541163948355,0.9529508620400161,636
oceanembed,temporal,all,300.0,0.8668951988220215,0.18555797636508942,0.9322556864884907,0.9533696815858246,636
oceanembed,temporal,all,400.0,0.5440136194229126,0.12885843217372894,0.9598062144666597,0.9680841773330183,636
oceanembed,temporal,all,500.0,0.3942129611968994,0.09368947148323059,0.9714361802250231,0.975522813894429,636
oceanembed,temporal,all,700.0,0.32482481002807617,0.07130388170480728,0.9729159788511802,0.9761581861758748,636
oceanembed,temporal,all,1000.0,0.2620258033275604,0.059996895492076874,0.9748048532329644,0.9679065612300528,636
oceanembed,temporal,all,1500.0,0.1537388116121292,0.031209250912070274,0.9651613184142726,0.9557854057691025,636
oceanembed,temporal,all,2000.0,0.08914785087108612,0.012991383671760559,0.9030856102729241,0.928452213509851,636
oceanembed,temporal,all,-1.0,0.972342312335968,0.19755235314369202,0.992072151353688,0.9650946567668331,636
oceanembed_lp05,temporal,well_mixed,0.0,0.6145075559616089,0.22744683921337128,0.8866088869996868,0.9693410064064781,504
oceanembed_lp05,temporal,well_mixed,10.0,0.7615344524383545,0.24672427773475647,0.849433574503666,0.96383390276176,504
oceanembed_lp05,temporal,well_mixed,20.0,1.2689810991287231,0.2683762311935425,0.7119916945680963,0.9536858123531844,504
oceanembed_lp05,temporal,well_mixed,30.0,1.4712510108947754,0.2464241087436676,0.7974307348205953,0.9574040482874707,504
oceanembed_lp05,temporal,well_mixed,50.0,1.0580294132232666,0.2498699575662613,0.9263519856330306,0.9550744086416564,504
oceanembed_lp05,temporal,well_mixed,75.0,1.2096638679504395,0.256053626537323,0.9163679528606274,0.9438749955354306,504
oceanembed_lp05,temporal,well_mixed,100.0,1.7220321893692017,0.24150396883487701,0.8069916219167077,0.9343625147853472,504
oceanembed_lp05,temporal,well_mixed,125.0,1.4515423774719238,0.22771695256233215,0.7715651038537433,0.9331836136273282,504
oceanembed_lp05,temporal,well_mixed,150.0,1.1926301717758179,0.24188292026519775,0.8856392443024905,0.9236267368139932,504
oceanembed_lp05,temporal,well_mixed,200.0,1.042877435684204,0.26662904024124146,0.928467276585889,0.9233689048891872,504
oceanembed_lp05,temporal,well_mixed,250.0,1.009648323059082,0.22717562317848206,0.9218265410974715,0.937218676952862,504
oceanembed_lp05,temporal,well_mixed,300.0,0.9783538579940796,0.21001560986042023,0.9116343624250178,0.9376637626217971,504
oceanembed_lp05,temporal,well_mixed,400.0,0.6130800247192383,0.14385217428207397,0.946820079973623,0.9584623354441628,504
oceanembed_lp05,temporal,well_mixed,500.0,0.43791934847831726,0.10279328376054764,0.9626948981774881,0.9684958123196998,504
oceanembed_lp05,temporal,well_mixed,700.0,0.35496821999549866,0.07861877232789993,0.9628056947686867,0.9668485542743871,504
oceanembed_lp05,temporal,well_mixed,1000.0,0.28599974513053894,0.06765753775835037,0.9695986224286763,0.9567740846661753,504
oceanembed_lp05,temporal,well_mixed,1500.0,0.16758812963962555,0.036389660090208054,0.9612322199710781,0.9392473853447153,504
oceanembed_lp05,temporal,well_mixed,2000.0,0.09470006078481674,0.013514154590666294,0.9009561201054543,0.9066772265746303,504
oceanembed_lp05,temporal,well_mixed,-1.0,1.037203311920166,0.2138679474592209,0.990583981994812,0.9564110358576509,504
oceanembed_lp05,temporal,barrier_layer_stratified,0.0,0.3300245702266693,0.24908903241157532,0.9549409625091223,0.9704993773153974,82
oceanembed_lp05,temporal,barrier_layer_stratified,10.0,0.3087921738624573,0.2507968842983246,0.9573616165741026,0.970567227935834,82
oceanembed_lp05,temporal,barrier_layer_stratified,20.0,0.37109869718551636,0.26000964641571045,0.9526498226164851,0.9697049377253902,82
oceanembed_lp05,temporal,barrier_layer_stratified,30.0,0.6915957927703857,0.2879568338394165,0.9135121156717552,0.9663167487226251,82
oceanembed_lp05,temporal,barrier_layer_stratified,50.0,1.1832613945007324,0.2649316191673279,0.8878931218947254,0.9392754798428837,82
oceanembed_lp05,temporal,barrier_layer_stratified,75.0,1.2203645706176758,0.19950658082962036,0.8664158416092371,0.9514237358050306,82
oceanembed_lp05,temporal,barrier_layer_stratified,100.0,1.5376743078231812,0.18070387840270996,0.8036664864554769,0.9646567441380894,82
oceanembed_lp05,temporal,barrier_layer_stratified,125.0,1.1260812282562256,0.12849141657352448,0.8631020120169715,0.9836817309165881,82
oceanembed_lp05,temporal,barrier_layer_stratified,150.0,0.9519615769386292,0.14660465717315674,0.9161645120323766,0.9858762097667026,82
oceanembed_lp05,temporal,barrier_layer_stratified,200.0,0.6094730496406555,0.14908762276172638,0.9675490196523387,0.9850943763523661,82
oceanembed_lp05,temporal,barrier_layer_stratified,250.0,0.5132440328598022,0.12082438915967941,0.9773947050509768,0.9913234214578174,82
oceanembed_lp05,temporal,barrier_layer_stratified,300.0,0.5009416937828064,0.10256481170654297,0.9721505896077594,0.9864777133474726,82
oceanembed_lp05,temporal,barrier_layer_stratified,400.0,0.32359248399734497,0.08047180622816086,0.9813729817715057,0.9861682819828447,82
oceanembed_lp05,temporal,barrier_layer_stratified,500.0,0.2740340828895569,0.06520474702119827,0.9829320237522788,0.9879686924651911,82
oceanembed_lp05,temporal,barrier_layer_stratified,700.0,0.2533922791481018,0.050786927342414856,0.9840513826562279,0.9898152821212778,82
oceanembed_lp05,temporal,barrier_layer_stratified,1000.0,0.20998987555503845,0.045136358588933945,0.9824239883695522,0.9819803651753086,82
oceanembed_lp05,temporal,barrier_layer_stratified,1500.0,0.1127515658736229,0.01956644281744957,0.9762122690524986,0.9831134448750091,82
oceanembed_lp05,temporal,barrier_layer_stratified,2000.0,0.0830727145075798,0.014379744417965412,0.9023833893337789,0.9424178690535348,82
oceanembed_lp05,temporal,barrier_layer_stratified,-1.0,0.7418223023414612,0.1740221083164215,0.9961003381097977,0.9706516165052461,82
oceanembed_lp05,temporal,upwelling,0.0,0.6379162073135376,0.2746959328651428,0.9394221686630948,0.9637293147273879,50
oceanembed_lp05,temporal,upwelling,10.0,0.643176794052124,0.2685227692127228,0.9356163607957348,0.9648991349013731,50
oceanembed_lp05,temporal,upwelling,20.0,0.7185803651809692,0.24018177390098572,0.9133403067903183,0.9693875049016799,50
oceanembed_lp05,temporal,upwelling,30.0,0.7988629937171936,0.231520876288414,0.9085891540529881,0.9662013779340428,50
oceanembed_lp05,temporal,upwelling,50.0,1.1698217391967773,0.19877322018146515,0.8712901577857858,0.96864327493222,50
oceanembed_lp05,temporal,upwelling,75.0,1.7570862770080566,0.20138682425022125,0.8244880587715289,0.9624727743130722,50
oceanembed_lp05,temporal,upwelling,100.0,1.9922301769256592,0.19346679747104645,0.8325721869872901,0.9593841345360627,50
oceanembed_lp05,temporal,upwelling,125.0,1.8431018590927124,0.13940274715423584,0.8395349410758431,0.9621376881939573,50
oceanembed_lp05,temporal,upwelling,150.0,2.017838716506958,0.13443708419799805,0.8431560966651412,0.9584941328768787,50
oceanembed_lp05,temporal,upwelling,200.0,1.6756141185760498,0.11159536987543106,0.8299219540293005,0.9634299041357357,50
oceanembed_lp05,temporal,upwelling,250.0,0.8216508626937866,0.11707859486341476,0.874333950578616,0.9364656949989346,50
oceanembed_lp05,temporal,upwelling,300.0,0.5287151336669922,0.1081184446811676,0.9179456119144633,0.9351297282252297,50
oceanembed_lp05,temporal,upwelling,400.0,0.33546504378318787,0.09596846252679825,0.9539702996231649,0.948053064676981,50
oceanembed_lp05,temporal,upwelling,500.0,0.2887285053730011,0.08550762385129929,0.971642212343608,0.9606035559394362,50
oceanembed_lp05,temporal,upwelling,700.0,0.28240203857421875,0.059904295951128006,0.9810050331006094,0.9779878995728195,50
oceanembed_lp05,temporal,upwelling,1000.0,0.26494258642196655,0.0466509684920311,0.9732969866021748,0.9790521857513582,50
oceanembed_lp05,temporal,upwelling,1500.0,0.17129583656787872,0.01966235414147377,0.9378014175517839,0.9705776049638138,50
oceanembed_lp05,temporal,upwelling,2000.0,0.09652210772037506,0.011394225060939789,0.7978994017607031,0.887480764040981,50
oceanembed_lp05,temporal,upwelling,-1.0,1.132912278175354,0.1663159877061844,0.9902776279540222,0.9635966943185365,50
oceanembed_lp05,temporal,all,0.0,0.5876055359840393,0.23436510562896729,0.9010002354965057,0.9723061800891176,636
oceanembed_lp05,temporal,all,10.0,0.7102017402648926,0.24903233349323273,0.8694474094417903,0.9686467117357584,636
oceanembed_lp05,temporal,all,20.0,1.1551827192306519,0.265195369720459,0.7511380053137977,0.9619101052640605,636
oceanembed_lp05,temporal,all,30.0,1.3517273664474487,0.25105056166648865,0.8175576265942149,0.9630744900369854,636
oceanembed_lp05,temporal,all,50.0,1.08406400680542,0.24825890362262726,0.9181385539390451,0.957337331080732,636
oceanembed_lp05,temporal,all,75.0,1.2626627683639526,0.24551206827163696,0.9041104377729007,0.9499664069250539,636
oceanembed_lp05,temporal,all,100.0,1.7224435806274414,0.2310234010219574,0.8158822527137989,0.9451191103607356,636
oceanembed_lp05,temporal,all,125.0,1.4492177963256836,0.21153974533081055,0.7981551598642701,0.9462052229353826,636
oceanembed_lp05,temporal,all,150.0,1.250639796257019,0.224847212433815,0.8797632275508095,0.9386854894221346,636
oceanembed_lp05,temporal,all,200.0,1.063244342803955,0.24531838297843933,0.9265778407869412,0.9379181059871957,636
oceanembed_lp05,temporal,all,250.0,0.9459682703018188,0.20942142605781555,0.9320880487603235,0.9489990402157509,636
oceanembed_lp05,temporal,all,300.0,0.9015806317329407,0.19294467568397522,0.9260323660854605,0.9492827051089224,636
oceanembed_lp05,temporal,all,400.0,0.5658664107322693,0.13400579988956451,0.956096694054559,0.9652343282020679,636
oceanembed_lp05,temporal,all,500.0,0.41008278727531433,0.09744860231876373,0.9688865063014468,0.9733780278613047,636
oceanembed_lp05,temporal,all,700.0,0.3379006087779999,0.07416057586669922,0.9705237615963438,0.9740753817329808,636
oceanembed_lp05,temporal,all,1000.0,0.2724570035934448,0.062380559742450714,0.97261725718632,0.9651305673630203,636
oceanembed_lp05,temporal,all,1500.0,0.1598852574825287,0.0324542336165905,0.9620950415773434,0.9519414352121354,636
oceanembed_lp05,temporal,all,2000.0,0.09270806610584259,0.013513309881091118,0.895121465279273,0.9222443995248639,636
oceanembed_lp05,temporal,all,-1.0,1.0112042427062988,0.2054334133863449,0.991424832076179,0.9620506755757529,636
oceanembed_lp30,temporal,well_mixed,0.0,0.6329970359802246,0.23412154614925385,0.8788200008212654,0.9674408514857357,504
oceanembed_lp30,temporal,well_mixed,10.0,0.7845163941383362,0.25378307700157166,0.8379038283223773,0.9615910904226402,504
oceanembed_lp30,temporal,well_mixed,20.0,1.3054476976394653,0.2761099338531494,0.687595152870425,0.9508220082220538,504
oceanembed_lp30,temporal,well_mixed,30.0,1.5138124227523804,0.2537402808666229,0.7791924815383291,0.9546887268023887,504
oceanembed_lp30,temporal,well_mixed,50.0,1.0894834995269775,0.25712811946868896,0.9208912932585267,0.9520349412667493,504
oceanembed_lp30,temporal,well_mixed,75.0,1.244434118270874,0.26337042450904846,0.909948544901532,0.9400361349577493,504
oceanembed_lp30,temporal,well_mixed,100.0,1.7713885307312012,0.2484082728624344,0.7888562103170066,0.9299263722998528,504
oceanembed_lp30,temporal,well_mixed,125.0,1.4934104681015015,0.23432332277297974,0.753043286273089,0.9286806767456975,504
oceanembed_lp30,temporal,well_mixed,150.0,1.2266963720321655,0.24878834187984467,0.8775172819663025,0.9187654967180974,504
oceanembed_lp30,temporal,well_mixed,200.0,1.0722469091415405,0.27430155873298645,0.9237382035052296,0.9185324359268071,504
oceanembed_lp30,temporal,well_mixed,250.0,1.0379996299743652,0.23391880095005035,0.916874512799881,0.9332315559474108,504
oceanembed_lp30,temporal,well_mixed,300.0,1.0057263374328613,0.21603816747665405,0.9057269575845877,0.9336630239545234,504
oceanembed_lp30,temporal,well_mixed,400.0,0.6304135918617249,0.14797262847423553,0.9431805868807405,0.9556810756356305,504
oceanembed_lp30,temporal,well_mixed,500.0,0.45044970512390137,0.10577205568552017,0.9602287974756636,0.9664541115963877,504
oceanembed_lp30,temporal,well_mixed,700.0,0.36506035923957825,0.08089720457792282,0.9604274983086756,0.964721137691279,504
oceanembed_lp30,temporal,well_mixed,1000.0,0.29464980959892273,0.06965011358261108,0.9676116214300006,0.9540187556575679,504
oceanembed_lp30,temporal,well_mixed,1500.0,0.17234918475151062,0.03745364025235176,0.9587887398502211,0.9353689689727479,504
oceanembed_lp30,temporal,well_mixed,2000.0,0.09744055569171906,0.013899409212172031,0.8949964290051524,0.9013165026737024,504
oceanembed_lp30,temporal,well_mixed,-1.0,1.0670362710952759,0.2200549840927124,0.9900336234850987,0.9536537161929628,504
oceanembed_lp30,temporal,barrier_layer_stratified,0.0,0.3404790163040161,0.25597554445266724,0.9521230340600223,0.9687189856705358,82
oceanembed_lp30,temporal,barrier_layer_stratified,10.0,0.31769582629203796,0.2583465576171875,0.954622029289058,0.9687122828318021,82
oceanembed_lp30,temporal,barrier_layer_stratified,20.0,0.38171660900115967,0.26741671562194824,0.9495651697820989,0.9678306868025821,82
oceanembed_lp30,temporal,barrier_layer_stratified,30.0,0.7108748555183411,0.29644128680229187,0.9070553173820255,0.964014389313571,82
oceanembed_lp30,temporal,barrier_layer_stratified,50.0,1.2170828580856323,0.27267953753471375,0.8777107225934645,0.9353294218980455,82
oceanembed_lp30,temporal,barrier_layer_stratified,75.0,1.2556437253952026,0.20536459982395172,0.8551315412155686,0.948186545103823,82
oceanembed_lp30,temporal,barrier_layer_stratified,100.0,1.5826598405838013,0.18593154847621918,0.7886605997421567,0.9621716395487895,82
oceanembed_lp30,temporal,barrier_layer_stratified,125.0,1.1578983068466187,0.13215382397174835,0.8542991207874259,0.9825211763970859,82
oceanembed_lp30,temporal,barrier_layer_stratified,150.0,0.9796854853630066,0.1507580280303955,0.9104227700933724,0.9848357669808118,82
oceanembed_lp30,temporal,barrier_layer_stratified,200.0,0.6269475221633911,0.15316632390022278,0.9654340632085247,0.9840720325122261,82
oceanembed_lp30,temporal,barrier_layer_stratified,250.0,0.5285044312477112,0.12413357198238373,0.9758511737093525,0.9907156650980952,82
oceanembed_lp30,temporal,barrier_layer_stratified,300.0,0.5156933665275574,0.10561379045248032,0.9702818530059061,0.985562415970088,82
oceanembed_lp30,temporal,barrier_layer_stratified,400.0,0.33303001523017883,0.08285019546747208,0.9801846566808388,0.9852510959815358,82
oceanembed_lp30,temporal,barrier_layer_stratified,500.0,0.28184759616851807,0.06711088120937347,0.9819184913054714,0.9871943539278124,82
oceanembed_lp30,temporal,barrier_layer_stratified,700.0,0.2610117197036743,0.052294787019491196,0.9830749541283624,0.9891598916455451,82
oceanembed_lp30,temporal,barrier_layer_stratified,1000.0,0.2164178043603897,0.04646661505103111,0.9813319647198371,0.980870187849373,82
oceanembed_lp30,temporal,barrier_layer_stratified,1500.0,0.11593758314847946,0.020130580291152,0.9748676268174414,0.9821062788957254,82
oceanembed_lp30,temporal,barrier_layer_stratified,2000.0,0.08547428250312805,0.014796074479818344,0.897454014275378,0.9386794144656603,82
oceanembed_lp30,temporal,barrier_layer_stratified,-1.0,0.7632583975791931,0.17905229330062866,0.995871812505681,0.9687303000186325,82
oceanembed_lp30,temporal,upwelling,0.0,0.6579341888427734,0.2828725576400757,0.9352358871600266,0.9614868549099298,50
oceanembed_lp30,temporal,upwelling,10.0,0.6615682244300842,0.276541531085968,0.9308868268603729,0.9627394543095602,50
oceanembed_lp30,temporal,upwelling,20.0,0.7398167848587036,0.24755512177944183,0.9069178243569886,0.9674493928836171,50
oceanembed_lp30,temporal,upwelling,30.0,0.8227350115776062,0.2383424937725067,0.9014677886048743,0.9642080792410883,50
oceanembed_lp30,temporal,upwelling,50.0,1.2040319442749023,0.204894557595253,0.8617485458680517,0.9666812288063299,50
oceanembed_lp30,temporal,upwelling,75.0,1.8068169355392456,0.2077961564064026,0.8110723450602954,0.9597732880093014,50
oceanembed_lp30,temporal,upwelling,100.0,2.0485711097717285,0.19935040175914764,0.8192381269122301,0.9562926107504379,50
oceanembed_lp30,temporal,upwelling,125.0,1.897460699081421,0.14360255002975464,0.8253778173008468,0.9594389677731188,50
oceanembed_lp30,temporal,upwelling,150.0,2.078244686126709,0.13858161866664886,0.8274779620106991,0.9555573827655263,50
oceanembed_lp30,temporal,upwelling,200.0,1.7259531021118164,0.11487339437007904,0.8125442707471617,0.9610564630209919,50
oceanembed_lp30,temporal,upwelling,250.0,0.8461198806762695,0.12033569812774658,0.8649529695741648,0.9327891335456876,50
oceanembed_lp30,temporal,upwelling,300.0,0.5446820259094238,0.11120641976594925,0.9124880633761144,0.9313915820895786,50
oceanembed_lp30,temporal,upwelling,400.0,0.34568682312965393,0.09887027740478516,0.951043967821817,0.9450591914740023,50
oceanembed_lp30,temporal,upwelling,500.0,0.29751643538475037,0.08814674615859985,0.9698042637992995,0.9581716747696829,50
oceanembed_lp30,temporal,upwelling,700.0,0.29109060764312744,0.06177081912755966,0.9797186347343189,0.9766070443884586,50
oceanembed_lp30,temporal,upwelling,1000.0,0.2728128731250763,0.04810958728194237,0.9714865473778357,0.9776200545563704,50
oceanembed_lp30,temporal,upwelling,1500.0,0.17668907344341278,0.020274469628930092,0.9334851679985078,0.9686999465883716,50
oceanembed_lp30,temporal,upwelling,2000.0,0.09966589510440826,0.01177175622433424,0.7836414606506753,0.8788985526264019,50
oceanembed_lp30,temporal,upwelling,-1.0,1.1661168336868286,0.17133481800556183,0.9896961504257945,0.9613065280892974,50
oceanembed_lp30,temporal,all,0.0,0.6053940057754517,0.24119549989700317,0.8942148274816428,0.9705973818758519,636
oceanembed_lp30,temporal,all,10.0,0.7315388321876526,0.2562342882156372,0.8596063117042609,0.9667132055272857,636
oceanembed_lp30,temporal,all,20.0,1.1884057521820068,0.2728588283061981,0.7308702860623938,0.9595632197550036,636
oceanembed_lp30,temporal,all,30.0,1.3908185958862305,0.25849074125289917,0.8015454279398423,0.9607238605619004,636
oceanembed_lp30,temporal,all,50.0,1.1160532236099243,0.25549930334091187,0.9120467817516015,0.9545008972159222,636
oceanembed_lp30,temporal,all,75.0,1.2988967895507812,0.25258639454841614,0.8966972696285666,0.9465772747513831,636
oceanembed_lp30,temporal,all,100.0,1.7718478441238403,0.23765751719474792,0.7997050966033703,0.9413970394536554,636
oceanembed_lp30,temporal,all,125.0,1.4910719394683838,0.21767973899841309,0.782572243542816,0.9425980198000693,636
oceanembed_lp30,temporal,all,150.0,1.2867666482925415,0.23127803206443787,0.8711451324657626,0.934748229019703,636
oceanembed_lp30,temporal,all,200.0,1.0936009883880615,0.25236350297927856,0.9216749598104664,0.9339527475213012,636
oceanembed_lp30,temporal,all,250.0,0.9726861715316772,0.2156074494123459,0.927777261935065,0.9457210429783457,636
oceanembed_lp30,temporal,all,300.0,0.9269121289253235,0.19848453998565674,0.9211320434114731,0.9460162246670094,636
oceanembed_lp30,temporal,all,400.0,0.5819208025932312,0.13785851001739502,0.9531379940981102,0.9629141999250177,636
oceanembed_lp30,temporal,all,500.0,0.4218437075614929,0.10028516501188278,0.9668654601916622,0.9716604766022965,636
oceanembed_lp30,temporal,all,700.0,0.34759214520454407,0.07632136344909668,0.9686458665897462,0.9724164284410804,636
oceanembed_lp30,temporal,all,1000.0,0.2806922197341919,0.06422474980354309,0.970842820903929,0.9629126117121406,636
oceanembed_lp30,temporal,all,1500.0,0.16449026763439178,0.03340490907430649,0.9597128472210009,0.9489095286309859,636
oceanembed_lp30,temporal,all,2000.0,0.09542336314916611,0.01390388049185276,0.8888967581417574,0.9174363277457077,636
oceanembed_lp30,temporal,all,-1.0,1.0403554439544678,0.2113896608352661,0.9909225354917677,0.9596479978380625,636
